{
    "languageName": {
        "en": "English",
        "ko": "한국어",
        "ct": "Meoww",
        "fr": "Français",
        "pi": "Pirate",
        "es": "Español",
        "ne": "Dutch",
        "lt": "Lietuvių",
        "sv": "Svenska",
        "nb": "Norsk Bokmål",
        "it": "Italiano",
        "hu": "Magyar",
        "pl": "Polski",
        "ru": "Русски"
    },


    "translators": {
        "ct": "Katy Purry",
        "es": "aaaaaa123456789",
        "fr": "Christian Trudel",
        "ne": "larsyuipo, animerarity",
        "pi": "Arcana",
        "lt": "zebriukas",
        "sv": "jonswe",
        "nb": "-Shadowfax-, Tuxi",
        "it": "DforDerpdetta",
        "hu": "Tulyita",
        "pl": "Ktost",
        "ru": "Nedron"
    }
}
