{
    "abilities": {
        
        "attk": {
            "name": {
                "en": "attack",
                "ko": "암살자",
                "ct": "mewoowo",
                "fr": "Attaque",
                "pi": "frigate",
                "lt": "Žmogžudys",
                "ne": "aanval",
                "sv": "attack",
                "es": "asesino",
                "nb": "angrip",
                "it": "assassino",
                "hu": "támadás",
                "pl": "atak",
                "ru": "атака"
            },
            "desc": {
                "en": "Attack with a 66% chance to hit. Enemy will counter-attack.",
                "ru": "Нападай с 66% шанс попасть. Мишень нападёт обратно."
            }
        },

        "grow": {
            "name": {
                "en": "grow",
                "pl": "dorastanie",
                "nb": "voks",
                "pi": "construct",
                "ne": "groei",
                "fr": "Croissance",
                "hu": "növendék",
                "ru": "расти",
                "sv": "Växa"
            },
            "desc": {
                "en": "Become a lovable clone that is just like mommy or daddy.",
                "pl": "Dorasta i z bezbronnego dziecka staje sie klonem swojego ojca lub matki.",
                "nb": "Bli en elskbar klone som er akkurat som mor eller far.",
                "pi": "Build a replica ship.",
                "ne": "Wordt een schattige kloon die er net zo uit ziet als mama en papa.",
                "fr": "Devenir un clone d'une carte parente",
                "hu": "Legyél egy kedves anyához, apához hasonlító klón.",
                "ru": "Стать клон, который так же, как мама или папа.",
                "sv": "Bli en älskbar klon som är exakt som din mamma eller pappa"
            }
        },

        "smmn": {
            "name": {
                "en": "summon",
                "pl": "wyłożenie karty",
                "nb": "framkall",
                "pi": "Writ of summons",
                "ne": "oproepen",
                "fr": "Invoquer",
                "hu": "idéző",
                "ru": "вызывать",
                "sv": "tillkalla"
            },
            "desc": {
                "en": "Play a card from your hand.",
                "pl": "Wprowadź nową kartę na pole gry.",
                "nb": "Spill et kort fra hånden din.",
                "pi": "Send a ship from the shipyard.",
                "ne": "Speel een kaart in je hand.",
                "fr": "Jouer une carte de votre main",
                "hu": "Játsz a kezedből egy kártyával.",
                "ru": "Положи карт.",
                "sv": "Spela ett kort från din hand"
            }
        },

        "futr": {
            "name": {
                "en": "future",
                "pl": "przyszlość",
                "nb": "framtid",
                "pi": "tomorrow",
                "ne": "toekomst",
                "fr": "Futur",
                "hu": "jővő",
                "sv": "framtid"
            },
            "desc": {
                "en": "Change the future.",
                "pl": "Zmien przyszlość!",
                "nb": "Forandre framtiden.",
                "pi": "Change tomorrow.",
                "ne": "Verander de toekomst.",
                "fr": "Changer le futur",
                "hu": "Változtasd meg a jővőt.",
                "ru": "Изменяй будущее.",
                "sv": "Förändra framtiden"
            }
        },

        "rlly": {
            "name": {
                "en": "rally",
                "ne": "Bijeenkomst",
                "lt": "Mitingas",
                "nb": "opptog",
                "pi": "Pirate's cry",
                "it": "rally",
                "fr": "Ralliement",
                "pl": "triumf",
                "hu": "verseny",
                "sv": "rally"
            },
            "desc": {
                "en": "Produce pride, which can be use to play more cards.",
                "ne": "Produceer trots, om meer kaarten te spelen.",
                "lt": "Vertės generavimas, kuri leidžia naudoti daugiau kortų.",
                "hu": "Készítsd a büszkeséged, használj több kártyát.",
                "nb": "Produserer stolthet, som kan bli brukt for å spille fler kort.",
                "pi": "Boosts yar pirate's pride, which lets mor' pirates arrive in the battle.",
                "it": "Produci valore, che può essere usato per giocare più carte.",
                "fr": "Produire de la valeur pour jouer plus de cartes",
                "pl": "Prodokuje dume, ktora moze byc uzyta do wezwania wiecej kart.",
                "sv": "Skapa pride, som kan användas till att spela fler kort"
            }
        },

        "prde": {
            "name": {
                "en": "pride",
                "ct": "meow",
                "ne": "trots",
                "lt": "Vertė",
                "hu": "Büszkeség",
                "nb": "Stolthet",
                "pi": "Pride",
                "it": "Valore",
                "fr": "Valeur",
                "pl": "duma",
                "sv": "pride"
            },
            "desc": {
                "en": "Produce pride, which can be use to play more cards.",
                "ne": "Produceer trots, om meer kaarten te spelen.",
                "lt": "Vertės generavimas, kuri leidžia naudoti daugiau kortų.",
                "hu": "Készítsd a büszkeséged, használj több kártyát.",
                "nb": "Produserer stolthet, som kan bli brukt for å spille fler kort.",
                "pi": "Boosts yar pirate's pride, which lets mor' pirates arrive in the battle.",
                "it": "Produci valore, che può essere usato per giocare più carte.",
                "fr": "Produire de la valeur pour jouer plus de cartes",
                "pl": "Prodokuje dumę, ktora może być użyta do wezwania nowych kart.",
                "sv": "Skapa pride, som kan användas till att spela fler kort"
            }
        },

        "move": {
            "name": {
                "en": "move",
                "ne": "verplaats",
                "lt": "Judėmimas",
                "hu": "mozgás",
                "nb": "flytt",
                "pi": "sail",
                "it": "muovi",
                "fr": "Bouger",
                "pl": "ruch",
                "ru": "двиги",
                "sv": "flytta"
            },
            "desc": {
                "en": "Reposition this card.",
                "ne": "Verplaats deze kaart.",
                "lt": "Kortos repozicionavimas.",
                "hu": "Repozícionáld ezt a kártyát.",
                "nb": "Flytt dette kortet",
                "pi": "Move your ship",
                "it": "Riposiziona questa carta.",
                "fr": "Repositionner cette carte",
                "pl": "Przemieść tą kartę.",
                "ru": "Перемести эту карту.",
                "sv": "Förflytta det här kortet"
            }
        },

        "heal": {
            "name": {
                "en": "heal",
                "ko": "치료",
                "ct": "mewoowo",
                "fr": "Guérir",
                "pi": "Rum drinker",
                "lt": "Gydimas",
                "ne": "genezing",
                "sv": "Helande",
                "es": "Curación",
                "nb": "Helbreding",
                "it": "cura",
                "hu": "gyógyít",
                "pl": "uzdrowienie",
                "ru": "лечить",
                "sv": "helande"
            },
            "desc": {
                "en": "Ally card gains 1 health and is cured of poison.",
                "ko": "대상 카드는 1 건강을 얻는다.",
                "ct": "mewoowo",
                "fr": "La carte cible reçoit 1 point de santé et est guérie du poison",
                "pi": "Target pirate drinks 1 bottle o' rum",
                "lt": "Pasirinkta korta gauna  1 gyvybės tašką.",
                "ne": "De kaart die je kiest krijgt 1 leven erbij, en wordt genezen van vergif.",
                "sv": "Det valda kortet får ett hälsopoäng",
                "es": "La carta objetivo gana 1 de vida.",
                "nb": "Målsatt kort får ett helsepoeng.",
                "it": "La carta bersaglio ottiene un punto salute.",
                "hu": "Az adott kártya visszanyeri 1 életét.",
                "pl": "Wybrana karta dostaje 1 punkt życia.",
                "sv": "Ett allierat kort får 1 liv och det är skyddat ifrån gift"
            }
        },

        "tree": {
            "name": {
                "en": "trees!",
                "ko": "잡초 나무",
                "ct": "mewoowo",
                "fr": "Arbres !",
                "pi": "Seaweed",
                "lt": "Žolinis medis",
                "ne": "bomen!",
                "sv": "ogrästräd",
                "es": "árboles de hierbas",
                "nb": "trær!",
                "it": "Albero di Erba",
                "hu": "fák!",
                "pl": "drzewa!",
                "ru": "деревья!"
            },
            "desc": {
                "en": "A 0/1 tree is created",
                "ko": "0/1 나무가 만들어집니다",
                "ct": "mewoowo",
                "fr": "Un arbre 0/1 est créé",
                "pi": "A 0/1 seaweed drifts into the field",
                "lt": "Sukuria 0/1 galingumo medį.",
                "ne": "Er wordt een 0/1 boom gemaakt.",
                "sv": "Ett 0/1 träd är skapat",
                "es": "Un árbol 0/1 es creado",
                "nb": "Et 0/1-tre blir lagd",
                "it": "Viene creato un albero 0x1",
                "hu": "Egy 0/1 fa készült",
                "pl": "Tworzy drzewo 0/1.",
                "ru": "0/1 Дерево создается."
            }
        },

        "abom": {
            "name": {
                "en": "abomination",
                "ko": "가증스러운 행위",
                "ct": "mewoowo",
                "fr": "Abomination",
                "pi": "unspeakable",
                "lt": "Sutapatinimas",
                "ne": "verschrikking",
                "sv": "avskyvärdighet",
                "es": "abominación",
                "nb": "styggedom",
                "it": "Abominio",
                "hu": "utálat",
                "pl": "fuzja",
                "ru": "мерзость"
            },
            "desc": {
                "en": "Merge this unit with another.",
                "ko": "서로 기기를 병합합니다.",
                "ct": "mewoowo",
                "fr": "Fusionner cette carte avec une autre",
                "pi": "Bury two treasures together",
                "lt": "Sujungia dviejas kortas",
                "ne": "Versmelt deze kaart met een andere kaart.",
                "sv": "Slå ihop den här enheten med en annan",
                "es": "Esta unidad se combina con otra.",
                "nb": "Slå denne enheten sammen med en annen.",
                "it": "Fondi questa carta con un'altra.",
                "hu": "Egyesítsd egy másikkal.",
                "pl": "Łączy tą kartę z wybraną kartą."
            }
        },

        "peap": {
            "name": {
                "en": "peace pipe",
                "pl": "fajka pokoju",
                "nb": "fredspipe",
                "pi": "leaky pipe",
                "ne": "vredespijp",
                "fr": "Pacification",
                "hu": "békepipa"
            },
            "desc": {
                "en": "Target enemy can not attack next turn.",
                "ko": "적군은 다음 턴을 공격 할 수 없다.",
                "ct": "mewoowo",
                "fr": "La cible ennemie ne peut pas attaquer au prochain tour.",
                "pi": "Target boat is busy fixin' leaks until next turn",
                "lt": "Uždraudžia priešininko kortai pulti vienam ėjimui.",
                "ne": "De doelkaart kan de volgende beurt niet aanvallen.",
                "sv": "Den valda enheten kan inte attackera nästa omgång",
                "es": "El enemigo objetivo no puede atacar el próximo turno.",
                "nb": "Målsatt fiende kan ikke angripe neste runde.",
                "it": "L'obiettivo nemico non può attaccare il prossimo turno.",
                "hu": "A kiszemelt ellenség nem támadhat a következő menetben.",
                "pl": "Wybrana karta przeciwnika nie może atakować w następnej turze."
            }
        },

        "bees": {
            "name": {
                "en": "bees!",
                "ko": "꿀벌!",
                "ct": "mewoowo",
                "fr": "Abeilles !",
                "pi": "Abeeminations",
                "lt": "Bitės!",
                "ne": "bijen!",
                "sv": "Bin!",
                "es": "¡abejas!",
                "nb": "bier!",
                "it": "api!",
                "hu": "méhek!",
                "pl": "pszczoły!"
            },
            "desc": {
                "en": "A random enemy loses 1 health. This attack always hits.",
                "pl": "Losowa karta przeciwnika traci 1 punkt życia. Zawsze trafia.",
                "nb": "En tilfeldig fiende mister ett liv. Dette angrepet treffer alltid.",
                "pi": "Bees swarm a random enemy and destroy 1 rum. Bees bee deadly accurate.",
                "ne": "Een zwerm bijen valt een willekeurige vijand aan. Deze aanval mist nooit.",
                "fr": "Une carte ennemie aléatoire perd 1 point de santé. Cette attaque fonctionne à tout coup",
                "hu": "Egy véletlenszerű ellenfél elveszíti 1 életét. Ez halál biztos!"
            }
        },

        "rbld": {
            "name": {
                "en": "rebuild",
                "ko": "다시",
                "ct": "mewoowo",
                "fr": "Reconstruire",
                "pi": "rebuild",
                "lt": "Atstatymas",
                "ne": "herbouw",
                "sv": "omkonstruera",
                "es": "reconstruir",
                "nb": "gjenoppbygg",
                "it": "ricostruisci",
                "hu": "újraépítés",
                "pl": "odbudowa"
            },
            "desc": {
                "en": "Resurrect a dead machine.",
                "ko": "죽은 기계를 부활.",
                "ct": "mewoowo",
                "fr": "Ressusciter une machine morte",
                "pi": "Repair a sunk ship to bring it back",
                "lt": "Prikelia mirusią Kiborgų Frakcijos kortą.",
                "ne": "Breng een dode machine weer tot leven.",
                "sv": "Återuppliva en död maskin.",
                "es": "Revive una máquina muerta.",
                "nb": "Gjenoppliv en død maskin.",
                "it": "Fai risorgere una macchina morta.",
                "hu": "Újraéleszt egy halott gépet.",
                "pl": "Odbuduj zniszczoną maszynę."
            }
        },

        "shld": {
            "name": {
                "en": "t-shield",
                "ko": "T-쉴드",
                "ct": "mewoowo",
                "fr": "Bouclier-T",
                "pi": "Fog",
                "lt": "T-Skydas",
                "ne": "t-schild",
                "es": "Escudo T",
                "nb": "t-skjold",
                "sv": "T-sköld",
                "it": "Scudo T",
                "hu": "t-pajzs",
                "pl": "tarcza T"
            },
            "desc": {
                "en": "Protect this card from two points of damage.",
                "pi": "Fog enshrouds a ship and prevents the loss of two rum.",
                "nb": "Beskytt dette kortet fra to skadepoeng.",
                "pl": "Uchroń tą kartę przed 2 punktami obrażeń.",
                "ne": "Bescherm deze kaart van twee punten schade.",
                "fr": "Protéger cette carte de 2 points d'attaque",
                "hu": "Védd meg ezt a kártyát 2 pont sebzéstől."
            }
        },

        "prci": {
            "name": {
                "en": "attack [flight]",
                "ko": "정확한",
                "ct": "mewoowo",
                "fr": "Attaque [Aérien]",
                "pi": "spyglass",
                "lt": "Taiklumas",
                "ne": "aanval [vlucht]",
                "sv": "presis",
                "es": "preciso",
                "nb": "presis",
                "it": "precisione",
                "hu": "támadás [precíz]",
                "pl": "atak [precyzja]"
            },
            "desc": {
                "en": "Attack any enemy regardless of their defensive formations. The enemy will counter-attack.",
                "ko": "에 관계없이 방어 형성의 선택의 적을 공격한다.",
                "ct": "mewoowo",
                "fr": "Attaquer la carte ennemie de votre choix, peu importe les formations défensives en place. Une contre attaque s'ensuit",
                "pi": "Fire upon an enemy of your choice, no matter where they be.",
                "lt": "Užpuola priešininką neatsižvelgiant į gynybos formaciją.",
                "ne": "Val een vijand van je keuze aan, waar die zich ook bevindt.",
                "sv": "Attackera en fiende av ditt val oavsett´av defensiva former",
                "es": "Ataca un enemigo a tu elección sin importar las formaciones defensivas.",
                "nb": "Angrip en fiende av ditt valg uavhengig av defensive formasjoner. Fienden vil gå til motangrep.",
                "it": "Attacca un nemico di tua scelta senza contare delle formazioni difensive.",
                "hu": "Támadj meg egy ellenséget függetlenül a védekező felállásától. A célpontod vissza fog támadni!",
                "pl": "Atakuje wybraną kartę przeciwnika niezależnie od defensywnych formacji. Przeciwnik skontruje."
            }
        },

        "rech": {
            "name": {
                "en": "recharge",
                "ko": "전략가",
                "ct": "mewoowo",
                "fr": "Recharge",
                "pi": "captain",
                "lt": "Strategistas",
                "ne": "opladen",
                "sv": "strateg",
                "es": "estratega",
                "nb": "oppladning",
                "it": "Stratega",
                "hu": "újratöltés",
                "pl": "doładowanie"
            },
            "desc": {
                "en": "Ally machine can perform an extra action this turn",
                "ko": "앨리 추가 조치에게이 턴을 수행 할 수 있습니다",
                "ct": "mewoowo",
                "fr": "Une machine alliée peut utiliser une action de plus pour ce tour",
                "pi": "Unit gets more orders this turn",
                "lt": "Papildomas veiksmas šio ėjimo metu.",
                "ne": "Een van je machines kan een extra actie uitvoeren deze beurt.",
                "sv": "Allierade kan utföra en extra åtgärd den här omgången",
                "es": "Un aliado puede realizar una acción más en este turno",
                "nb": "En alliert kan utøve en ekstra handling denne runden",
                "it": "Un alleato può fare un'azione extra in questo turno.",
                "hu": "A szövetséges végezhet egy extra akciót ebben a menetben.",
                "pl": "Wybrana karta może wykonać jeszcze jeden ruch."
            }
        },

        "netw": {
            "name": {
                "en": "network",
                "ko": "네트워킹",
                "ct": "mewoowo",
                "fr": "Réseau",
                "pi": "smuggling",
                "lt": "Tinklas",
                "ne": "netwerk",
                "sv": "nätverk",
                "es": "conexiones",
                "nb": "nettverksbygging",
                "it": "networking",
                "hu": "hálózat",
                "pl": "kooperacja"
            },
            "desc": {
                "en": "Gain an ally machine's abilities.",
                "ko": "동맹의 능력을 얻을 수 있습니다.",
                "ct": "mewoowo",
                "fr": "Gagner les habiletés d'une machine alliée",
                "pi": "Gain cargo from an ally.",
                "lt": "Savos kortos sugebėjimų įgavimas",
                "ne": "Neem de mogelijkheden van een andere machine over.",
                "sv": "Få en allierads förmågor",
                "es": "Obtiene las habilidades de un aliado.",
                "nb": "Få en allierts egenskaper.",
                "it": "Ottieni un'abilità di un alleato.",
                "hu": "Elnyer egy szövetséges képességet.",
                "pl": "Sklonuj możliwości swojej innej karty."
            }
        },

        "tran": {
            "name": {
                "en": "transform",
                "ko": "변압기",
                "ct": "mewoowo",
                "fr": "Transformeur",
                "pi": "illusionist",
                "lt": "Apkeitimas",
                "ne": "transformatie",
                "sv": "transformator",
                "es": "transformista",
                "nb": "transformator",
                "it": "transformer",
                "hu": "transformer",
                "pl": "transformer"
            },
            "desc": {
                "en": "Swap health and attack.",
                "ko": "건강과 공격을 교환합니다.",
                "ct": "mewoowo",
                "fr": "Interchanger les points de santé et d'attaque",
                "pi": "Swap rum and cannons",
                "lt": "Apkeičia puolimo ir gyvybių taškus.",
                "ne": "Verwissel je levens en aanvalspunten.",
                "sv": "Byt hälsa och attack",
                "es": "Intercambia ataque y vida.",
                "nb": "Bytt helse- og angrepspoeng.",
                "it": "Scambia salute e attacco.",
                "hu": "Váltás élet és támadásra.",
                "pl": "Zamień punkty życia i ataku."
            }
        },

        "sduc": {
            "name": {
                "en": "seduction",
                "ko": "유혹",
                "ct": "mewoowo",
                "fr": "Séduction",
                "pi": "board",
                "lt": "Suviliojimas",
                "ne": "verleiding",
                "sv": "lockelse",
                "es": "seducción",
                "nb": "forførelse",
                "it": "seduzione",
                "hu": "megrontás",
                "pl": "łapówka"
            },
            "desc": {
                "en": "Sacrifice one health to convert a weak enemy to your side.",
                "ko": "자신의 건강이 1이면 옆으로 적을 변환합니다.",
                "ct": "mewoowo",
                "fr": "Sacrifier 1 point de santé pour convertir un ennemi à votre côté s'il possède 1 seul point de santé",
                "pi": "Convert an enemy crew to yer side if they have only 1 rum.",
                "lt": "Pervilioja priešininko kortą turinčią tik 1 gyvybės tašką, į tavo pusę.",
                "ne": "Haal een vijand naar jouw kant als ze maar 1 leven overhebben.",
                "sv": "Konvertera en fiende till din sida om dens hälsa är ett",
                "es": "Convierte un enemigo a tu bando si su vida es 1.",
                "nb": "Ofre ett helsepoeng for å konvertere en svak fiende til din side.",
                "it": "Converti un nemico dalla tua parte se la sua salute è 1.",
                "hu": "Feláldozni egy életet, hogy az oldaladra kerüljön egy gyenge ellenség.",
                "pl": "Poświęć 1 punkt życia żeby przejąć słabego przeciwnika na swoją stronę."
            }
        },

        "assn": {
            "name": {
                "en": "attack [assassin]",
                "ko": "암살자",
                "ct": "mewoowo",
                "fr": "Attaque [Assassin]",
                "pi": "frigate",
                "lt": "Žmogžudys",
                "ne": "aanval [assassijn]",
                "sv": "mördare",
                "es": "asesino",
                "nb": "angrip [snikmorder]",
                "it": "assassino",
                "hu": "támadás [orgyilkos]",
                "pl": "atak [skrytobójca]"
            },
            "desc": {
                "en": "Attack with no chance of a counter attack.",
                "ko": "피해를하지 않고 공격한다.",
                "ct": "mewoowo",
                "fr": "Attaquer sans possibilité de contre-attaque",
                "pi": "Attack without reciving fire.",
                "lt": "Korta puoldama nepraranda gyvybės taškų.",
                "ne": "Val aan zonder dat de tegenstander terug aanvalt.",
                "sv": "Attackera utan att ta skada",
                "es": "Ataca sin recibir daño.",
                "nb": "Angrip uten noen sjanse for motangrep.",
                "it": "Attacca senza prendere danno.",
                "hu": "Támadás sérülés nélkül.",
                "pl": "Atakuj bez wyrządzenia sobie szkód."
            }
        },

        "delg": {
            "name": {
                "en": "delegate",
                "ko": "대리자",
                "ct": "mewoowo",
                "fr": "Délégué",
                "pi": "port",
                "lt": "Įgaliojimas",
                "ne": "afgevaardige",
                "sv": "sända",
                "es": "delegar",
                "nb": "delegat",
                "it": "delega",
                "hu": "képviselő",
                "pl": "delegacja"
            },
            "desc": {
                "en": "Return this card to your hand, giving an extra action point to your commander card.",
                "pl": "Zwróc tą kartę do ręki, refundując jej orginalny koszt.",
                "nb": "Returner dette kortet til hånden din, og få tilbake dets opprinnelige stolthetskostnad.",
                "pi": "Send this ship back to port, gaining back its pride cost.",
                "ne": "Breng deze kaart terug naar je hand, zodat je aanvoerder een extra actie uit kan voeren.",
                "fr": "Retourner cette carte dans votre main pour donner une action supplémentaire à votre carte maître",
                "hu": "Visszaszerzed eme kártyát a kezedbe, az eredeti büszkeség költségeivel."
            }
        },

        "posn": {
            "name": {
                "en": "poison",
                "ko": "독",
                "ct": "mewoowo",
                "fr": "Poison",
                "pi": "scurvy",
                "lt": "Nuodai",
                "ne": "vergif",
                "sv": "gift",
                "es": "veneno",
                "nb": "gift",
                "it": "veleno",
                "hu": "méreg",
                "pl": "zatruty miecz"
            },
            "desc": {
                "en": "Target enemy loses 1 health per turn. 50% chance to fail.",
                "ko": "대상 적 턴에 1 건강을 푼다.",
                "ct": "mewoowo",
                "fr": "La cible ennemie perd 1 point de santé par tour. 50% de chances d'échouer",
                "pi": "Target ship loses 1 rum per turn.",
                "lt": "Kiekvieną ėjimą, priešininko korta praranda 1 gyvybės tašką..",
                "ne": "Het doel wordt vergiftigd voor 1 leven per beurt. 50% kans om te missen.",
                "sv": "Den valda fienden förlorar ett hälsopoäng per omgång",
                "es": "El enemigo objetivo pierde 1 de vida por turno.",
                "nb": "Målsatt fiende mister ett helsepoeng per runde. 50% sjanse for å mislykkes.",
                "it": "Il nemico bersaglio perde 1 punto vita a turno.",
                "hu": "A kiválasztott ellenség elveszíti 1 életét menetenként. (50% eséllyel)",
                "pl": "Wybrany przeciwnik traci 1 punkt życia co ture. 50% szans na niepowodzenie."
            }
        },

        "tlpt": {
            "name": {
                "en": "teleporter",
                "pl": "teleportacja",
                "nb": "teleportør",
                "fr": "Téléportation",
                "pi": "take up anchor",
                "ne": "teleportatie",
                "hu": "teleportáló"
            },
            "desc": {
                "en": "Move an ally card, curing poison in the process.",
                "pi": "Sail a ship, and give it some oranges to cure scurvy.",
                "ne": "Verplaats een kaart van jezelf, en genees tegelijk vergif.",
                "fr": "Déplacer une carte alliée, la guérissant du poison",
                "hu": "Az összes kártyáid elnyerik a mozgás képességet."
            }
        },

        "bagm": {
            "name": {
                "en": "bag 'em",
                "ko": "잡기",
                "ct": "mewoowo",
                "fr": "Empaqueter",
                "pi": "prevailing wind",
                "lt": "Sugražinimas",
                "ne": "wegstoppen",
                "sv": "Säcka dem",
                "es": "embolsar",
                "nb": "fang dem",
                "it": "impacchettare",
                "hu": "bag 'em",
                "pl": "zawrócenie"
            },
            "desc": {
                "en": "Return this card to your hand, and return an enemy card to its owner's hand.",
                "ko": "대상 카드는 그것의 소유자의 손에 반환됩니다.",
                "ct": "mewoowo",
                "fr": "Cette carte et la carte cible ennemie retournent dans le paquet de leur propriétaire",
                "pi": "Target ship is blown back to port.",
                "lt": "Sugražina priešininko kortą į savininko rankas.",
                "ne": "Breng deze kaart terug naar je hand, en de doelkaart van de tegenstander.",
                "sv": "Kortet du valde är tillbakadraget till ägarens hand",
                "es": "La carta objetivo retorna a la mano de su dueño.",
                "nb": "Målsatt kort blir retunert til eierens hånd.",
                "it": "La carta bersaglio ritorna alla mano del suo proprietario.",
                "hu": "A kijelölt kártya visszakerül az eredeti tulajdonosa kezébe.",
                "pl": "Zwróć wybraną kartę przeciwnika do ręki jej właściciela."
            }
        },

        "siph": {
            "name": {
                "en": "attack [siphon]",
                "ko": "사이펀",
                "ct": "mewoowo",
                "fr": "Attaque [Siphon]",
                "pi": "siphon",
                "lt": "Vampyrizmas",
                "ne": "aanval [aftappen]",
                "sv": "sifon",
                "es": "sifón",
                "nb": "sifon",
                "it": "sifone",
                "hu": "támadás [szifon]",
                "pl": "atak [leczniczy]"
            },
            "desc": {
                "en": "Attack an enemy, converting some of the damage into health. The enemy will counter-attack.",
                "pl": "Zaatakuj przeciwnika, konwertując niektóre obrażenia w punkty życia. Przeciwnik skontruje.",
                "nb": "Angriper en fiende, og konverterer noe av skaden til helsepoeng. Fienden vil gå til motangrep.",
                "pi": "Shoot an enemy ship. Some of their rum will be stolen, but they'll counter over their lost rum!",
                "ne": "Val een tegenstander aan, en zet wat van hun schade om in levens. De tegenstander valt terug aan.",
                "fr": "Attaquer une carte ennemie, certains dommages vous redonnant des points de santé. Une contre-attaque s'ensuit.",
                "hu": "Támadj meg egy ellenséget, átkonvertálódik pár sebzés életté. A célpontod vissza fog támadni!"
            }
        },

        "male": {
            "name": {
                "en": "male",
                "ko": "남성",
                "ct": "mewoowo",
                "fr": "Mâle",
                "pi": "Man",
                "lt": "Vyras",
                "ne": "mannelijk",
                "sv": "man",
                "es": "macho",
                "nb": "hannkjønn",
                "it": "maschio",
                "hu": "férfi",
                "pl": "mężczyzna"
            },
            "desc": {
                "en": "Can reproduce with females.",
                "ko": "여성으로 재현 할 수 있습니다.",
                "ct": "mewoowo",
                "fr": "Peut se reproduire avec les cartes femelles",
                "pi": "Can make wee ones with women.",
                "lt": "Gali daugintis su moterimis.",
                "ne": "Kan voortplanten met een vrouwelijke kaard.",
                "sv": "Kan ompruduceras med kvinnor",
                "es": "Puede reproducirse con hembras.",
                "nb": "Kan reprodusere med hunkjønn.",
                "it": "Si può riprodurre con le femmine.",
                "hu": "Képes reprodukálni a nőkkel.",
                "pl": "Może reprodukować sie z kobietami."
            }
        },

        "feml": {
            "name": {
                "en": "female",
                "ko": "여성",
                "ct": "mewoowo",
                "fr": "Femelle",
                "pi": "woman",
                "lt": "Moteris",
                "ne": "vrouwelijk",
                "sv": "kvinna",
                "es": "hembra",
                "nb": "hunkjønn",
                "it": "femmina",
                "hu": "nő",
                "pl": "kobieta"
            },
            "desc": {
                "en": "Can reproduce with males.",
                "ko": "남성으로 재현 할 수 있습니다.",
                "ct": "mewoowo",
                "fr": "Peut se reproduire avec les cartes mâles",
                "pi": "Can make wee ones with men.",
                "lt": "Gali daugintis su vyrais.",
                "ne": "Kan voortplanten met een mannelijke kaard.",
                "sv": "Kan omproduceras med män",
                "es": "Puede reproducirse con machos.",
                "nb": "Kan reprodusere med hankjønn.",
                "it": "Si può riprodurre con i maschi.",
                "hu": "Képes reprodukálni a férfiakkal.",
                "pl": "Może reprodukować sie z mężczyznami."
            }
        },

        "btle": {
            "name": {
                "en": "battle cry",
                "ko": "함성",
                "ct": "mewoowo",
                "fr": "Cri de guerre",
                "pi": "Yarr!",
                "lt": "Mūšio giesmė",
                "ne": "strijdkreet",
                "sv": "krigs gråt",
                "es": "Grito de batalla",
                "nb": "krigsrop",
                "it": "Pianto di battaglia",
                "hu": "harci kiáltás",
                "pl": "okrzyk wojenny"
            },
            "desc": {
                "en": "All ally zealots gain 1 attack for 1 turn.",
                "pl": "Wszyscy twoi zeloci dostają 1 punkt ataku na jedną turę.",
                "pi": "All allied priest gain one attack for 1 turn.",
                "ne": "Al je zeloten krijgen 1 aanvalspunt erbij voor 1 beurt.",
                "fr": "Les fanatiques alliés gagnent 1 point d'attaque pour 1 tour",
                "hu": "Az összes szövetséges zelóta képes lesz 1 támadásra egy menetben."
            }
        },

        "hero": {
            "name": {
                "en": "heroic sacrifice",
                "ko": "영웅적인 희생",
                "ct": "mewoowo",
                "fr": "Sacrifice héroïque",
                "pi": "raise flags",
                "lt": "Didviriškas pasiaukojimas",
                "ne": "heldhaftig offer",
                "sv": "hjältligt offer",
                "es": "sacrificio heroico",
                "nb": "heroisk ofring",
                "it": "sacrificio eroico",
                "hu": "hősies áldozat",
                "pl": "heroiczne poświęcenie"
            },
            "desc": {
                "en": "All enemy attacks must target this card for one turn.",
                "ko": "모든 적의 공격 한 턴에이 카드를 대상으로해야합니다.",
                "ct": "mewoowo",
                "fr": "Tous les ennemis doivent cibler cette carte pour 1 tour",
                "pi": "All enemies that fire must attack this ship for one turn.",
                "lt": "Kito ėjimo metu, visi priešininkų padarai galės pulti tik šią kortą.",
                "ne": "Alle vijanden moeten de volgende beurt deze kaart aanvallen.",
                "sv": "Alla fienders attacker måste sikta på det här kortet för en omgång",
                "es": "Todos los ataques enemigos deben tener a esta carta como objetivo por un turno.",
                "nb": "Alle fiendtlige angrep må målsette dette kortet én runde.",
                "it": "Tutti gli attacchi del nemico devono essere indirizzati a questa carta per un turno.",
                "hu": "Az összes ellenséges támadás erre a kártyára összpontosul egy menet idejéig.",
                "pl": "Wszystkie karty przeciwnika muszą atakować tą kartę w nastepnej turze."
            }
        },

        "serm": {
            "name": {
                "en": "super serum",
                "ko": "슈퍼 혈청",
                "ct": "mewoowo",
                "fr": "Super-sérum",
                "pi": "super rum",
                "lt": "Stiprybės serumas",
                "ne": "super serum",
                "sv": "superserum",
                "es": "súper suero",
                "nb": "super-serum",
                "it": "super siero",
                "hu": "szuper szérum",
                "pl": "super serum"
            },
            "desc": {
                "en": "Attack is increased by 3, and this card becomes poisoned.",
                "pl": "Atak powieksza sie o 3 kosztem zatrucia tej karty.",
                "nb": "Kortet får tre angrepspoeng, og blir forgiftet.",
                "pi": "Ship has 3 more cannons, but its rum supply is poisoned.",
                "ne": "Deze kaart krijgt er 3 aanvalspunten bij, en wordt vergiftigd.",
                "fr": "Gagner 3 points d'attaque tout en s'empoisonnant",
                "hu": "A támadás meg háromszorozódik és ez a kártya mérgezett lesz."
            }
        },

        "frvt": {
            "name": {
                "en": "attack [fervent]",
                "pl": "atak [żarliwy]",
                "nb": "angrip [rettferdig]",
                "pi": "righteous",
                "ne": "aanval [vastberaden]",
                "fr": "Attaque [Fervent]",
                "hu": "támadás [heves]"
            },
            "desc": {
                "en": "Attack an enemy without ever missing. The enemy will counter-attack.",
                "nb": "Angrip en fiende, og konverter skaden til stolthet. Fienden vil gå til motangrep.",
                "pi": "Shoot an enemy ship; rum will turn into pride. Enemey will counter over the loss of their rum!",
                "fr": "Attaquer une carte ennemie sans risque d'échec. Une contre-attaque s'ensuit",
                "pl": "Zaatakuj przeciwnika bez pudłowania. Przeciwnik skontruje.",
                "ne": "Val een tegenstander aan zonder te missen. De tegenstander valt terug aan.",
                "hu": "Támadj meg egy ellenséget tévesztés nélkül. A célpontod vissza fog támadni."
            }
        }
    }
}
