{
    "deckBuilder": {
        
        "title": {
            "en": "Deck Builder",
            "ne": "Deckbouwer",
            "fr": "Créateur de paquet",
            "pi": "Fleet assembler"
        },
        
        "none": {
            "en": "None",
            "fr": "Aucun",
            "ne": "Geen"
        },
        
        "share": {
            "en": "Share",
            "fr": "Partager",
            "ne": "Delen"
        },
        
        "shareDesc": {
            "en": "Let other players use this deck",
            "fr": "Laisser les autres joueurs utiliser ce paquet",
            "ne": "Laat andere spelers deze deck gebruiken"
        },
        
        "myCards": {
            "en": "My Cards",
            "fr": "Mes cartes",
            "ne": "Mijn kaarten"
        },
        
        "favoriteCards": {
            "en": "Favorites",
            "fr": "Favorites",
            "ne": "Favorieten"
        },
        
        "popularCards": {
            "en": "Popular",
            "fr": "Populaires",
            "ne": "Populair"
        },
        
        "add": {
            "en": "Add",
            "fr": "Ajouter"
        },
        
        "remove": {
            "en": "X",
            "fr": "X"
        },
        
        "save": {
            "en": "Save",
            "ko": "저장",
            "ct": "meow",
            "fr": "Sauvegarder",
            "pi": "Bury",
            "lt": "Išsaugoti",
            "ne": "Opslaan",
            "sv": "Spara",
            "es": "Guardar",
            "nb": "Lagre",
            "it": "Salva",
            "hu": "Mentés",
            "pl": "Zapisz"
        },

        "load": {
            "en": "Load",
            "ko": "하중",
            "ct": "meow",
            "fr": "Charger",
            "pi": "Dig up booty",
            "lt": "Užkrauti",
            "ne": "Laden",
            "sv": "Ladda",
            "es": "Cargar",
            "nb": "Åpne",
            "it": "Carica",
            "hu": "Betöltés",
            "pl": "Załaduj"
        },

        "new": {
            "en": "New",
            "ko": "새로운",
            "ct": "meow",
            "fr": "Nouveau",
            "pi": "Plunder new booty",
            "lt": "Naujas",
            "ne": "Nieuw",
            "sv": "Nytt",
            "es": "Nuevo",
            "nb": "Nytt",
            "it": "Nuova",
            "hu": "Új",
            "pl": "Utwórz"
        },

        "name": {
            "en": "Name",
            "ko": "이름",
            "ct": "meow",
            "fr": "Nom",
            "pi": "Name yar booty",
            "lt": "Pavadinimas",
            "ne": "Naam",
            "sv": "Namnge det",
            "es": "Nombrar",
            "nb": "Navngi det",
            "it": "Nominalo",
            "hu": "Nevezd el",
            "pl": "Nazwij"
        },

        "cards": {
            "en": "Cards",
            "ko": "카드",
            "ct": "meow",
            "fr": "Cartes",
            "pi": "Ships",
            "lt": "Kortos",
            "ne": "Kaarten",
            "sv": "Kort",
            "es": "Cartas",
            "nb": "Kort",
            "it": "Carte",
            "hu": "Kártyák",
            "pl": "Karty"
        },
        
        "stats": {
            "en": "Stats",
            "ne": "Statistieken",
            "fr": "Statistiques",
            "pi": "Bounty"
        }
    }
}
