{
    "groups": {
        
        "g": {
            "en": "Guest",
            "ne": "Gast",
            "fr": "Invité",
            "hu": "Guest",
            "pi": "Deckhand",
            "sv": "Gäst"
        },
        
        "u": {
            "en": "Member",
            "ne": "Lid",
            "fr": "Membre",
            "hu": "Member",
            "pi": "Sailor",
            "sv": "Medlem"
        },
        
        "p": {
            "en": "Apprentice",
            "ne": "Leerling",
            "fr": "Apprenti",
            "hu": "Apprentice",
            "pi": "Pirate",
            "sv": "Lärling"
        },
        
        "m": {
            "en": "Moderator",
            "ne": "Moderator",
            "fr": "Modérateur",
            "hu": "Moderátor",
            "pi": "First mate",
            "sv": "Moderator"
        },
        
        "a": {
            "en": "Admin",
            "ne": "Admin",
            "fr": "Admin",
            "hu": "Admin",
            "pi": "Cap'n",
            "sv": "Admin"
        }
    }
}
