{
    "invitesModal": {
        
        "title": {
            "en": "Guild Invitations",
            "hu": "Klán Meghívások",
            "ne": "Gilde uitnodigingen",
            "fr": "Invitations de guilde",
            "pi": "Guild invitations"
        },
        
        "close": {
            "en": "Close",
            "hu": "Bezárás",
            "ne": "Sluiten",
            "fr": "Fermer",
            "pi": "Seal"
        },
        
        "wantYou": {
            "en": "wants you to join!",
            "hu": "csatlakozni szeretne!",
            "ne": "wil dat je toetreedt!",
            "fr": "veut que vous les rejoignez !",
            "pi": "wants you to strongs consider their guild"
        },
        
        "join": {
            "en": "Join",
            "hu": "Csatlakozás",
            "ne": "Toetreden",
            "fr": "Rejoindre",
            "pi": "Enlist"
        },
        
        "delete": {
            "en": "Delete",
            "hu": "Törlés",
            "ne": "Verwijderen",
            "fr": "Supprimer",
            "pi": "Burn"
        }
    }
}
