{
    "lobby": {
        "player": {
            "en": "players",
            "ko": "플레이어",
            "ct": "meow",
            "fr": "Joueurs",
            "pi": "Sailor",
            "lt": "Žaidėjai",
            "ne": "spelers",
            "sv": "spelare",
            "es": "jugadores",
            "nb": "spillere",
            "it": "Giocatori",
            "hu": "játékosok",
            "pl": "gracze"
        },

        "deckSize": {
            "en": "cards",
            "pl": "karty",
            "pi": "ships",
            "ne": "kaarten",
            "fr": "Cartes",
            "hu": "kártyák",
            "sv": "kort"
        },

        "join": {
            "en": "Join",
            "ko": "가입",
            "ct": "meow",
            "fr": "Rejoindre",
            "pi": "Board",
            "lt": "Prisijungti",
            "ne": "meedoen",
            "sv": "bli med",
            "es": "unirse",
            "nb": "bli med",
            "it": "unisciti",
            "hu": "csatlakozás",
            "pl": "graj"
        },

        "start": {
            "en": "Start",
            "ko": "스타트",
            "ct": "meow",
            "fr": "Commencer",
            "pi": "Set sail",
            "lt": "Pradėti",
            "ne": "start",
            "sv": "starta",
            "es": "Iniciar",
            "nb": "start",
            "it": "inizia",
            "hu": "indítás",
            "pl": "start"
        },

        "chat": {
            "en": "chat",
            "ko": "이야기",
            "ct": "meow",
            "fr": "Bavardage",
            "pi": "Tavern",
            "lt": "Pokalbiai",
            "ne": "chat",
            "sv": "chatt",
            "es": "chat",
            "nb": "chatterom",
            "it": "chat",
            "hu": "chat",
            "pl": "czat"
        },

        "people": {
            "en": "people",
            "ko": "사람들",
            "ne": "mensen",
            "ct": "meow",
            "fr": "Joueurs",
            "pi": "deckhands",
            "lt": "Žaidėjai",
            "sv": "personer",
            "es": "personas",
            "nb": "personer",
            "it": "persone",
            "hu": "emberek",
            "pl": "gracze"
        },

        "futures": {
            "en": "futures",
            "lt": "Futuristikos taškai",
            "ct": "meow",
            "sv": "framtider",
            "fr": "Futurs",
            "pi": "Days after tomorrow",
            "nb": "fremtider",
            "hu": "jövendők",
            "it": "futures",
            "ne": "toekomsten",
            "pl": "przyszłosci"
        },

        "shortGame": {
            "en": "Skirmish",
            "lt": "Susiremimas",
            "ct": "meow",
            "sv": "Kamp",
            "fr": "Escarmouche",
            "pi": "Skirmish",
            "nb": "Kamp",
            "hu": "Csetepaté",
            "it": "Scaramuccia",
            "ne": "Gevecht",
            "pl": "Potyczka"
        },

        "mediumGame": {
            "en": "Battle",
            "lt": "Kova",
            "ct": "meow",
            "sv": "Slag",
            "fr": "Bataille",
            "pi": "Raid",
            "nb": "Slag",
            "hu": "Csata",
            "it": "Battaglia",
            "ne": "Veldslag",
            "pl": "Bitwa"
        },

        "longGame": {
            "en": "War",
            "lt": "Karas",
            "ct": "meow",
            "sv": "Krig",
            "fr": "Guerre",
            "pi": "War",
            "nb": "Krig",
            "hu": "Háború",
            "it": "Guerra",
            "ne": "Oorlog",
            "pl": "Wojna"
        },

        "customGame": {
            "en": "Custom",
            "ko": "관습",
            "ct": "Meow",
            "fr": "Personnaliser",
            "pi": "Blank map",
            "lt": "Redaguojamas",
            "ne": "Aangepast",
            "sv": "Anpassat",
            "es": "Personalizado",
            "it": "Personalizzato",
            "nb": "Egendefinert",
            "hu": "Egyéni",
            "pl": "Batalia"
        },

        "custom": {
            "en": "custom",
            "ko": "관습",
            "ct": "meow",
            "fr": "Personnaliser",
            "pi": "Blank map",
            "lt": "Futuristinis",
            "ne": "aangepast",
            "sv": "Anpassat",
            "es": "personalizado",
            "nb": "Egendefinert",
            "it": "Personalizzato",
            "hu": "egyéni",
            "pl": "batalia"
        },

        "guild": {
            "en": "guild",
            "ko": "대가족",
            "ct": "meow",
            "fr": "Guilde",
            "pi": "crew",
            "lt": "Gildija",
            "ne": "gilde",
            "sv": "klan",
            "es": "gremio",
            "nb": "laug",
            "it": "clan",
            "hu": "klán",
            "pl": "gildia"
        },
        
        "fracture": {
            "en": "Fracture",
            "fr": "Fracture",
            "sv": "Fraktur"
        }
    }
}
