{
    "store": {
        
        "futures": {
            "en": "Futures",
            "ne": "Toekomsten",
            "fr": "Futures",
            "hu": "Jövendők",
            "pi": "Tomorrows",
            "sv": "Framtid"
        },
        
        "conversions": {
            "en": "Conversions",
            "ne": "Omzettingen",
            "fr": "Conversions",
            "hu": "Konverziók",
            "pi": "Currency exchangin'",
            "sv": "Omvandlingar"
        },
        
        "fantasims": {
            "en": "Fantasims",
            "ne": "Fantasmes",
            "fr": "Fanatismes",
            "hu": "Fantasims",
            "pi": "Fantasims",
            "sv": "fantasims"
        },
        
        "compliment": {
            "en": "T-Machine likes your style!",
            "ne": "T-Machine houdt wel van jouw stijl!",
            "fr": "T-Machine aime votre style !",
            "hu": "T-Gépezet-nak tetszik a stílusod!",
            "pi": "Bartender likes your style!",
            "sv": "T-Machine gillar din stil!"
        },
        
        "fractureNeedA": {
            "en": "T-Machine needs",
            "ne": "T-Machine heeft nodig",
            "fr": "T-Machine a besoin de",
            "hu": "T-Gépezet szükséges",
            "pi": "Bartender wants",
            "sv": "T-machine behöver"
        },
        
        "fractureNeedB": {
            "en": "fracture(s) to reach a new future.",
            "ne": "breuk(en) om een nieuwe toekomst te bereiken.",
            "fr": "fracture(s) pour atteindre un nouveau futur.",
            "hu": "Törés(ek) hogy elérj egy új jövendőt.",
            "pi": "fractarrr(s) to reach a new tomorrow.",
            "sv": "Fraktur(er) som når en ny framtid"
        },
        
        "fractureHaveA": {
            "en": "You have",
            "ne": "Je hebt",
            "fr": "Vous avez",
            "hu": "Neked van",
            "pi": "Ye have",
            "sv": "Du har"
        },
        
        "fractureHaveB": {
            "en": "fracture(s).",
            "ne": "breuk(en).",
            "fr": "fracture(s).",
            "hu": "törés(ek).",
            "pi": "fractarrr(s).",
            "sv": "fraktur(er)"
        }
    }
}
