{
    "title": {
        "gameName": {
            "en": "FUTURISM",
            "ko": "미래의 배",
            "ct": "meow",
            "fr": "FUTURISME",
            "pi": "Day after Tomorrow",
            "lt": "FUTURISM",
            "ne": "FUTURISM",
            "sv": "Futurism",
            "es": "FUTURISMO",
            "nb": "FUTURISME",
            "it": "Futurismo",
            "hu": "FUTURISM",
            "pl": "FUTURISM"
        },

        "login": {
            "en": "LOGIN",
            "ko": "놀이",
            "ct": "meow",
            "fr": "CONNEXION",
            "pi": "Sail the seven seas!",
            "lt": "PRISIJUNGIMAS",
            "ne": "LOG IN",
            "sv": "Logga in",
            "es": "Ingresar",
            "nb": "Logg inn",
            "it": "Entra",
            "hu": "BELÉPÉS",
            "pl": "Zaloguj sie"
        },

        "credits": {
            "en": "CREDITS",
            "ko": "인정함",
            "ct": "meow",
            "fr": "CRÉDITS",
            "pi": "Captain's Logs",
            "lt": "KŪRĖJAI",
            "ne": "CREDITS",
            "sv": "Medverkande",
            "es": "Créditos",
            "nb": "MEDVIRKENDE",
            "it": "Ringraziamenti",
            "hu": "KÉSZÍTŐK",
            "pl": "Autorzy"
        },

        "instructions": {
            "en": "VIDS",
            "ko": "명령",
            "ct": "meow",
            "fr": "TUTORIELS",
            "pi": "Davy Jones' Locker",
            "lt": "INSTRUKCIJOS",
            "ne": "Instructiefilmpjes",
            "sv": "Instruktioner",
            "es": "Videos educativos",
            "nb": "INSTRUKSJONSVIDEOER",
            "it": "Istruzioni",
            "hu": "INSTRUKCIÓK",
            "pl": "Instrukcje"
        }
    }
}